/*
 Navicat Premium Data Transfer

 Source Server         : 本地
 Source Server Type    : MySQL
 Source Server Version : 80018
 Source Host           : localhost:3306
 Source Schema         : sims-demo

 Target Server Type    : MySQL
 Target Server Version : 80018
 File Encoding         : 65001

 Date: 12/09/2020 18:33:43
*/

SET NAMES utf8mb4;
SET FOREIGN_KEY_CHECKS = 0;

-- ----------------------------
-- Table structure for class
-- ----------------------------
DROP TABLE IF EXISTS `class`;
CREATE TABLE `class`  (
  `COLLEGE_ID` varchar(32) CHARACTER SET utf8mb4 COLLATE utf8mb4_0900_ai_ci NULL DEFAULT NULL COMMENT '所在学院',
  `MAJOR_ID` varchar(32) CHARACTER SET utf8mb4 COLLATE utf8mb4_0900_ai_ci NULL DEFAULT NULL COMMENT '所属专业',
  `ID` varchar(32) CHARACTER SET utf8mb4 COLLATE utf8mb4_0900_ai_ci NOT NULL COMMENT '班级ID',
  `NAME` varchar(128) CHARACTER SET utf8mb4 COLLATE utf8mb4_0900_ai_ci NULL DEFAULT NULL COMMENT '班级名称',
  `STUDENT_NUMBER` int(11) NULL DEFAULT NULL COMMENT '班级人数',
  `ADVISER` varchar(128) CHARACTER SET utf8mb4 COLLATE utf8mb4_0900_ai_ci NULL DEFAULT NULL COMMENT '辅导员',
  `ESTAB_DATE` date NULL DEFAULT NULL COMMENT '成立时间',
  `YEAR_NUMBER` int(11) NULL DEFAULT NULL COMMENT '学习年数',
  `VERSION` int(11) NULL DEFAULT NULL COMMENT '版本号',
  `CRATED_BY` varchar(32) CHARACTER SET utf8mb4 COLLATE utf8mb4_0900_ai_ci NULL DEFAULT NULL COMMENT '创建人',
  `CRATED_TIME` datetime(0) NULL DEFAULT NULL COMMENT '创建时间',
  `UPDATED_BY` varchar(32) CHARACTER SET utf8mb4 COLLATE utf8mb4_0900_ai_ci NULL DEFAULT NULL COMMENT '更新人',
  `UPDATED_TIME` datetime(0) NULL DEFAULT NULL COMMENT '更新时间',
  PRIMARY KEY (`ID`) USING BTREE
) ENGINE = InnoDB CHARACTER SET = utf8mb4 COLLATE = utf8mb4_0900_ai_ci COMMENT = '班级' ROW_FORMAT = Dynamic;

-- ----------------------------
-- Records of class
-- ----------------------------
INSERT INTO `class` VALUES ('1001', '3001', '1', '计算机专业1班', 10, 'wty', '2020-09-12', 1, 1, NULL, NULL, NULL, NULL);
INSERT INTO `class` VALUES ('1001', '3001', '2', '计算机专业2班', 10, 'wty', '2020-09-12', 1, 1, NULL, NULL, NULL, NULL);
INSERT INTO `class` VALUES ('1002', '3002', '3', '美术专业1班', 10, 'wty', '2020-09-12', 1, 1, NULL, NULL, NULL, NULL);
INSERT INTO `class` VALUES ('1002', '3002', '4', '美术专业2班', 10, 'wty', '2020-09-12', 1, 1, NULL, NULL, NULL, NULL);
INSERT INTO `class` VALUES ('1002', '3002', '5', '美术专业3班', 10, 'wty', '2020-09-12', 1, 1, NULL, NULL, NULL, NULL);
INSERT INTO `class` VALUES ('1003', '3003', '6', '建筑专业1班', 10, 'wty', '2020-09-12', 1, 1, NULL, NULL, NULL, NULL);
INSERT INTO `class` VALUES ('1003', '3003', '7', '建筑专业2班', 10, 'wty', '2020-09-12', 1, 1, NULL, NULL, NULL, NULL);

-- ----------------------------
-- Table structure for college
-- ----------------------------
DROP TABLE IF EXISTS `college`;
CREATE TABLE `college`  (
  `ID` varchar(32) CHARACTER SET utf8mb4 COLLATE utf8mb4_0900_ai_ci NOT NULL COMMENT '学院ID',
  `NAME` varchar(128) CHARACTER SET utf8mb4 COLLATE utf8mb4_0900_ai_ci NULL DEFAULT NULL COMMENT '学院名称',
  `SHORT_NAME` varchar(128) CHARACTER SET utf8mb4 COLLATE utf8mb4_0900_ai_ci NULL DEFAULT NULL COMMENT '学院简称',
  `INTRO` varchar(512) CHARACTER SET utf8mb4 COLLATE utf8mb4_0900_ai_ci NULL DEFAULT NULL COMMENT '学院介绍',
  `PROFESSION_NUMBER` int(11) NULL DEFAULT NULL COMMENT '专业个数',
  `STUDENT_NUMBER` int(11) NULL DEFAULT NULL COMMENT '学生人数',
  `PRESIDENT` varchar(32) CHARACTER SET utf8mb4 COLLATE utf8mb4_0900_ai_ci NULL DEFAULT NULL COMMENT '院长',
  `VERSION` int(11) NULL DEFAULT NULL COMMENT '版本号',
  `CREATED_BY` varchar(32) CHARACTER SET utf8mb4 COLLATE utf8mb4_0900_ai_ci NULL DEFAULT NULL COMMENT '创建人',
  `CREATED_TIME` datetime(0) NULL DEFAULT NULL COMMENT '创建时间',
  `UPDATED_BY` varchar(32) CHARACTER SET utf8mb4 COLLATE utf8mb4_0900_ai_ci NULL DEFAULT NULL COMMENT '更新人',
  `UPDATED_TIME` datetime(0) NULL DEFAULT NULL COMMENT '更新时间',
  PRIMARY KEY (`ID`) USING BTREE
) ENGINE = InnoDB CHARACTER SET = utf8mb4 COLLATE = utf8mb4_0900_ai_ci COMMENT = '学院' ROW_FORMAT = Dynamic;

-- ----------------------------
-- Records of college
-- ----------------------------
INSERT INTO `college` VALUES ('1001', '信息工程学院', '信工', '培养IT技术人才', 1, 3, 'wty', 1, NULL, NULL, NULL, NULL);
INSERT INTO `college` VALUES ('1002', '艺术学院', '艺术学院', '培养艺术家', 1, 2, 'wty', 1, NULL, NULL, NULL, NULL);
INSERT INTO `college` VALUES ('1003', '建筑工程学院', '建工', '培养建筑师', 1, 1, 'wty', 1, NULL, NULL, NULL, NULL);

-- ----------------------------
-- Table structure for instruct
-- ----------------------------
DROP TABLE IF EXISTS `instruct`;
CREATE TABLE `instruct`  (
  `ID` varchar(32) CHARACTER SET utf8mb4 COLLATE utf8mb4_0900_ai_ci NOT NULL COMMENT '课程号',
  `TEACHER_ID` varchar(32) CHARACTER SET utf8mb4 COLLATE utf8mb4_0900_ai_ci NULL DEFAULT NULL COMMENT '任课老师',
  `CLASS_ID` varchar(32) CHARACTER SET utf8mb4 COLLATE utf8mb4_0900_ai_ci NULL DEFAULT NULL COMMENT '任课班级',
  `LESSON_ID` varchar(32) CHARACTER SET utf8mb4 COLLATE utf8mb4_0900_ai_ci NULL DEFAULT NULL COMMENT '教授课程',
  `VERSION` int(11) NULL DEFAULT NULL COMMENT '版本号',
  `CREATED_BY` varchar(32) CHARACTER SET utf8mb4 COLLATE utf8mb4_0900_ai_ci NULL DEFAULT NULL COMMENT '创建人',
  `CREATED_TIME` datetime(0) NULL DEFAULT NULL COMMENT '创建时间',
  `UPDATED_BY` varchar(32) CHARACTER SET utf8mb4 COLLATE utf8mb4_0900_ai_ci NULL DEFAULT NULL COMMENT '更新人',
  `UPDATED_TIME` datetime(0) NULL DEFAULT NULL COMMENT '更新时间',
  PRIMARY KEY (`ID`) USING BTREE
) ENGINE = InnoDB CHARACTER SET = utf8mb4 COLLATE = utf8mb4_0900_ai_ci COMMENT = '授课' ROW_FORMAT = Dynamic;

-- ----------------------------
-- Records of instruct
-- ----------------------------
INSERT INTO `instruct` VALUES ('1', '1', '1', '4001', NULL, NULL, NULL, NULL, NULL);
INSERT INTO `instruct` VALUES ('2', '2', '2', '4002', NULL, NULL, NULL, NULL, NULL);
INSERT INTO `instruct` VALUES ('3', '2', '2', '4002', NULL, NULL, NULL, NULL, NULL);
INSERT INTO `instruct` VALUES ('4', '3', '3', '4004', NULL, NULL, NULL, NULL, NULL);
INSERT INTO `instruct` VALUES ('5', '3', '4', '4005', NULL, NULL, NULL, NULL, NULL);
INSERT INTO `instruct` VALUES ('6', '3', '5', '4004', NULL, NULL, NULL, NULL, NULL);
INSERT INTO `instruct` VALUES ('7', '4', '6', '4006', NULL, NULL, NULL, NULL, NULL);
INSERT INTO `instruct` VALUES ('8', '4', '7', '4006', NULL, NULL, NULL, NULL, NULL);

-- ----------------------------
-- Table structure for lesson
-- ----------------------------
DROP TABLE IF EXISTS `lesson`;
CREATE TABLE `lesson`  (
  `ID` varchar(32) CHARACTER SET utf8mb4 COLLATE utf8mb4_0900_ai_ci NOT NULL COMMENT '课程号',
  `NAME` varchar(128) CHARACTER SET utf8mb4 COLLATE utf8mb4_0900_ai_ci NULL DEFAULT NULL COMMENT '课程名',
  `INTRO` varchar(512) CHARACTER SET utf8mb4 COLLATE utf8mb4_0900_ai_ci NULL DEFAULT NULL COMMENT '课程说明',
  `VERSION` int(11) NULL DEFAULT NULL COMMENT '版本号',
  `CREATED_BY` varchar(32) CHARACTER SET utf8mb4 COLLATE utf8mb4_0900_ai_ci NULL DEFAULT NULL COMMENT '创建人',
  `CREATED_TIME` datetime(0) NULL DEFAULT NULL COMMENT '创建时间',
  `UPDATED_BY` varchar(32) CHARACTER SET utf8mb4 COLLATE utf8mb4_0900_ai_ci NULL DEFAULT NULL COMMENT '更新人',
  `UPDATED_TIME` datetime(0) NULL DEFAULT NULL COMMENT '更新时间',
  PRIMARY KEY (`ID`) USING BTREE
) ENGINE = InnoDB CHARACTER SET = utf8mb4 COLLATE = utf8mb4_0900_ai_ci COMMENT = '课程' ROW_FORMAT = Dynamic;

-- ----------------------------
-- Records of lesson
-- ----------------------------
INSERT INTO `lesson` VALUES ('4001', '数据库入门教程', '数据库入门教学', 1, NULL, NULL, NULL, NULL);
INSERT INTO `lesson` VALUES ('4002', 'Java入门教程', 'Java语言入门教程', 1, NULL, NULL, NULL, NULL);
INSERT INTO `lesson` VALUES ('4003', 'C语言入门教程', 'C语言入门教程', 1, NULL, NULL, NULL, NULL);
INSERT INTO `lesson` VALUES ('4004', '画画教程', '教导画画能力', 1, NULL, NULL, NULL, NULL);
INSERT INTO `lesson` VALUES ('4005', '音乐教程', '锻炼音乐能力', 1, NULL, NULL, NULL, NULL);
INSERT INTO `lesson` VALUES ('4006', '建筑设计教程', '教导设计建造能力', 1, NULL, NULL, NULL, NULL);

-- ----------------------------
-- Table structure for major
-- ----------------------------
DROP TABLE IF EXISTS `major`;
CREATE TABLE `major`  (
  `ID` varchar(32) CHARACTER SET utf8mb4 COLLATE utf8mb4_0900_ai_ci NOT NULL COMMENT '专业ID',
  `NAME` varchar(128) CHARACTER SET utf8mb4 COLLATE utf8mb4_0900_ai_ci NULL DEFAULT NULL COMMENT '专业名称',
  `SHORT_NAME` varchar(128) CHARACTER SET utf8mb4 COLLATE utf8mb4_0900_ai_ci NULL DEFAULT NULL COMMENT '专业简称',
  `ESTAB_DATE` date NULL DEFAULT NULL COMMENT '开设时间',
  `INTRO` varchar(512) CHARACTER SET utf8mb4 COLLATE utf8mb4_0900_ai_ci NULL DEFAULT NULL COMMENT '专业介绍',
  `TUITION_FEE` varchar(32) CHARACTER SET utf8mb4 COLLATE utf8mb4_0900_ai_ci NULL DEFAULT NULL COMMENT '学费',
  `VERSION` int(11) NULL DEFAULT NULL COMMENT '版本号',
  `CREATED_BY` varchar(32) CHARACTER SET utf8mb4 COLLATE utf8mb4_0900_ai_ci NULL DEFAULT NULL COMMENT '创建人',
  `CREATED_TIME` datetime(0) NULL DEFAULT NULL COMMENT '创建时间',
  `UPDATED_BY` varchar(32) CHARACTER SET utf8mb4 COLLATE utf8mb4_0900_ai_ci NULL DEFAULT NULL COMMENT '更新人',
  `UPDATED_TIME` datetime(0) NULL DEFAULT NULL COMMENT '更新时间',
  PRIMARY KEY (`ID`) USING BTREE
) ENGINE = InnoDB CHARACTER SET = utf8mb4 COLLATE = utf8mb4_0900_ai_ci COMMENT = '专业' ROW_FORMAT = Dynamic;

-- ----------------------------
-- Records of major
-- ----------------------------
INSERT INTO `major` VALUES ('3001', '计算机专业', '计算机', '2020-09-12', '培养IT技术人才', '3000', 1, NULL, NULL, NULL, NULL);
INSERT INTO `major` VALUES ('3002', '美术专业', '美术', '2020-09-11', '培养艺术家', '5000', 1, NULL, NULL, NULL, NULL);
INSERT INTO `major` VALUES ('3003', '建筑专业', '建筑', '2020-09-01', '培养建筑师', '2000', 1, NULL, NULL, NULL, NULL);

-- ----------------------------
-- Table structure for student
-- ----------------------------
DROP TABLE IF EXISTS `student`;
CREATE TABLE `student`  (
  `COLLEGE_ID` varchar(32) CHARACTER SET utf8mb4 COLLATE utf8mb4_0900_ai_ci NULL DEFAULT NULL COMMENT '所在学院',
  `CLASS_ID` varchar(32) CHARACTER SET utf8mb4 COLLATE utf8mb4_0900_ai_ci NULL DEFAULT NULL COMMENT '所在班级',
  `ID` varchar(32) CHARACTER SET utf8mb4 COLLATE utf8mb4_0900_ai_ci NOT NULL COMMENT '学号',
  `NAME` varchar(128) CHARACTER SET utf8mb4 COLLATE utf8mb4_0900_ai_ci NULL DEFAULT NULL COMMENT '学生姓名',
  `ID_CARD_NO` varchar(32) CHARACTER SET utf8mb4 COLLATE utf8mb4_0900_ai_ci NULL DEFAULT NULL COMMENT '身份证号',
  `ENG_NAME` varchar(32) CHARACTER SET utf8mb4 COLLATE utf8mb4_0900_ai_ci NULL DEFAULT NULL COMMENT '英文名',
  `MOBILE_PHONE` varchar(32) CHARACTER SET utf8mb4 COLLATE utf8mb4_0900_ai_ci NULL DEFAULT NULL COMMENT '手机号',
  `GENDER` varchar(32) CHARACTER SET utf8mb4 COLLATE utf8mb4_0900_ai_ci NULL DEFAULT NULL COMMENT '性别',
  `BIRTH` date NULL DEFAULT NULL COMMENT '出生日期',
  `AVATAR` varchar(32) CHARACTER SET utf8mb4 COLLATE utf8mb4_0900_ai_ci NULL DEFAULT NULL COMMENT '头像',
  `HEIGHT` decimal(32, 10) NULL DEFAULT NULL COMMENT '身高',
  `WEIGHT` decimal(32, 10) NULL DEFAULT NULL COMMENT '体重',
  `NATION` varchar(32) CHARACTER SET utf8mb4 COLLATE utf8mb4_0900_ai_ci NULL DEFAULT NULL COMMENT '民族',
  `POLITICAL` varchar(32) CHARACTER SET utf8mb4 COLLATE utf8mb4_0900_ai_ci NULL DEFAULT NULL COMMENT '政治面貌',
  `MARITAL` varchar(32) CHARACTER SET utf8mb4 COLLATE utf8mb4_0900_ai_ci NULL DEFAULT NULL COMMENT '婚姻状况',
  `DOMICILE_PLACE_PROVINCE` varchar(32) CHARACTER SET utf8mb4 COLLATE utf8mb4_0900_ai_ci NULL DEFAULT NULL COMMENT '籍贯（省） 国标行政区域代码-省级',
  `DOMICILE_PLACE_CITY` varchar(32) CHARACTER SET utf8mb4 COLLATE utf8mb4_0900_ai_ci NULL DEFAULT NULL COMMENT '籍贯（市） 国标行政区域代码-市级',
  `DOMICILE_PLACE_ADDRESS` varchar(32) CHARACTER SET utf8mb4 COLLATE utf8mb4_0900_ai_ci NULL DEFAULT NULL COMMENT '户籍地址',
  `HOBBY` varchar(32) CHARACTER SET utf8mb4 COLLATE utf8mb4_0900_ai_ci NULL DEFAULT NULL COMMENT '爱好',
  `INTRO` varchar(512) CHARACTER SET utf8mb4 COLLATE utf8mb4_0900_ai_ci NULL DEFAULT NULL COMMENT '简要介绍',
  `PRESENT_ADDRESS` varchar(128) CHARACTER SET utf8mb4 COLLATE utf8mb4_0900_ai_ci NULL DEFAULT NULL COMMENT '居住地址',
  `EMAIL` varchar(32) CHARACTER SET utf8mb4 COLLATE utf8mb4_0900_ai_ci NULL DEFAULT NULL COMMENT '电子邮件',
  `ENTRY_DATE` date NULL DEFAULT NULL COMMENT '入学日期',
  `STATUS` varchar(32) CHARACTER SET utf8mb4 COLLATE utf8mb4_0900_ai_ci NULL DEFAULT NULL COMMENT '状态',
  `VERSION` int(11) NULL DEFAULT NULL COMMENT '版本号',
  `CREATED_BY` varchar(32) CHARACTER SET utf8mb4 COLLATE utf8mb4_0900_ai_ci NULL DEFAULT NULL COMMENT '创建人',
  `CREATED_TIME` datetime(0) NULL DEFAULT NULL COMMENT '创建时间',
  `UPDATED_BY` varchar(32) CHARACTER SET utf8mb4 COLLATE utf8mb4_0900_ai_ci NULL DEFAULT NULL COMMENT '更新人',
  `UPDATED_TIME` datetime(0) NULL DEFAULT NULL COMMENT '更新时间',
  PRIMARY KEY (`ID`) USING BTREE
) ENGINE = InnoDB CHARACTER SET = utf8mb4 COLLATE = utf8mb4_0900_ai_ci COMMENT = '学生' ROW_FORMAT = Dynamic;

-- ----------------------------
-- Records of student
-- ----------------------------
INSERT INTO `student` VALUES ('1001', '1', '1001', '成红', NULL, NULL, NULL, '女', '1999-10-27', NULL, NULL, NULL, NULL, NULL, NULL, NULL, NULL, NULL, NULL, NULL, NULL, NULL, NULL, NULL, NULL, NULL, NULL, NULL, NULL);
INSERT INTO `student` VALUES ('1001', '1', '1002', '禹晓阳', NULL, NULL, NULL, '女', '1999-07-29', NULL, NULL, NULL, NULL, NULL, NULL, NULL, NULL, NULL, NULL, NULL, NULL, NULL, NULL, NULL, NULL, NULL, NULL, NULL, NULL);
INSERT INTO `student` VALUES ('1001', '1', '1003', '吉晓亮', NULL, NULL, NULL, '女', '1998-08-30', NULL, NULL, NULL, NULL, NULL, NULL, NULL, NULL, NULL, NULL, NULL, NULL, NULL, NULL, NULL, NULL, NULL, NULL, NULL, NULL);
INSERT INTO `student` VALUES ('1001', '1', '1004', '龚晓炎', NULL, NULL, NULL, '女', '1997-03-19', NULL, NULL, NULL, NULL, NULL, NULL, NULL, NULL, NULL, NULL, NULL, NULL, NULL, NULL, NULL, NULL, NULL, NULL, NULL, NULL);
INSERT INTO `student` VALUES ('1001', '1', '1005', '麻品华', NULL, NULL, NULL, '女', '1999-10-28', NULL, NULL, NULL, NULL, NULL, NULL, NULL, NULL, NULL, NULL, NULL, NULL, NULL, NULL, NULL, NULL, NULL, NULL, NULL, NULL);
INSERT INTO `student` VALUES ('1001', '1', '1006', '龚晓燕', NULL, NULL, NULL, '男', '1999-04-16', NULL, NULL, NULL, NULL, NULL, NULL, NULL, NULL, NULL, NULL, NULL, NULL, NULL, NULL, NULL, NULL, NULL, NULL, NULL, NULL);
INSERT INTO `student` VALUES ('1001', '1', '1007', '丁小明', NULL, NULL, NULL, '女', '1997-09-07', NULL, NULL, NULL, NULL, NULL, NULL, NULL, NULL, NULL, NULL, NULL, NULL, NULL, NULL, NULL, NULL, NULL, NULL, NULL, NULL);
INSERT INTO `student` VALUES ('1001', '1', '1008', '解明', NULL, NULL, NULL, '男', '1999-05-24', NULL, NULL, NULL, NULL, NULL, NULL, NULL, NULL, NULL, NULL, NULL, NULL, NULL, NULL, NULL, NULL, NULL, NULL, NULL, NULL);
INSERT INTO `student` VALUES ('1001', '1', '1009', '吕洋', NULL, NULL, NULL, '女', '1999-09-01', NULL, NULL, NULL, NULL, NULL, NULL, NULL, NULL, NULL, NULL, NULL, NULL, NULL, NULL, NULL, NULL, NULL, NULL, NULL, NULL);
INSERT INTO `student` VALUES ('1001', '1', '1010', '云小歌', NULL, NULL, NULL, '女', '1998-05-07', NULL, NULL, NULL, NULL, NULL, NULL, NULL, NULL, NULL, NULL, NULL, NULL, NULL, NULL, NULL, NULL, NULL, NULL, NULL, NULL);
INSERT INTO `student` VALUES ('1001', '2', '1011', '唐小庄', NULL, NULL, NULL, '女', '1999-09-03', NULL, NULL, NULL, NULL, NULL, NULL, NULL, NULL, NULL, NULL, NULL, NULL, NULL, NULL, NULL, NULL, NULL, NULL, NULL, NULL);
INSERT INTO `student` VALUES ('1001', '2', '1012', '邵晓燕', NULL, NULL, NULL, '男', '1997-10-16', NULL, NULL, NULL, NULL, NULL, NULL, NULL, NULL, NULL, NULL, NULL, NULL, NULL, NULL, NULL, NULL, NULL, NULL, NULL, NULL);
INSERT INTO `student` VALUES ('1001', '2', '1013', '荣山', NULL, NULL, NULL, '女', '1999-11-11', NULL, NULL, NULL, NULL, NULL, NULL, NULL, NULL, NULL, NULL, NULL, NULL, NULL, NULL, NULL, NULL, NULL, NULL, NULL, NULL);
INSERT INTO `student` VALUES ('1001', '2', '1014', '吉城', NULL, NULL, NULL, '女', '1998-11-16', NULL, NULL, NULL, NULL, NULL, NULL, NULL, NULL, NULL, NULL, NULL, NULL, NULL, NULL, NULL, NULL, NULL, NULL, NULL, NULL);
INSERT INTO `student` VALUES ('1001', '2', '1015', '席晓强', NULL, NULL, NULL, '男', '1998-11-22', NULL, NULL, NULL, NULL, NULL, NULL, NULL, NULL, NULL, NULL, NULL, NULL, NULL, NULL, NULL, NULL, NULL, NULL, NULL, NULL);
INSERT INTO `student` VALUES ('1001', '2', '1016', '贾晓阳', NULL, NULL, NULL, '男', '1998-07-06', NULL, NULL, NULL, NULL, NULL, NULL, NULL, NULL, NULL, NULL, NULL, NULL, NULL, NULL, NULL, NULL, NULL, NULL, NULL, NULL);
INSERT INTO `student` VALUES ('1001', '2', '1017', '褚进', NULL, NULL, NULL, '男', '1998-04-12', NULL, NULL, NULL, NULL, NULL, NULL, NULL, NULL, NULL, NULL, NULL, NULL, NULL, NULL, NULL, NULL, NULL, NULL, NULL, NULL);
INSERT INTO `student` VALUES ('1001', '2', '1018', '周强', NULL, NULL, NULL, '男', '1998-03-17', NULL, NULL, NULL, NULL, NULL, NULL, NULL, NULL, NULL, NULL, NULL, NULL, NULL, NULL, NULL, NULL, NULL, NULL, NULL, NULL);
INSERT INTO `student` VALUES ('1001', '2', '1019', '丁小丽', NULL, NULL, NULL, '男', '1999-03-01', NULL, NULL, NULL, NULL, NULL, NULL, NULL, NULL, NULL, NULL, NULL, NULL, NULL, NULL, NULL, NULL, NULL, NULL, NULL, NULL);
INSERT INTO `student` VALUES ('1001', '2', '1020', '伏晓燕', NULL, NULL, NULL, '男', '1998-01-28', NULL, NULL, NULL, NULL, NULL, NULL, NULL, NULL, NULL, NULL, NULL, NULL, NULL, NULL, NULL, NULL, NULL, NULL, NULL, NULL);
INSERT INTO `student` VALUES ('1002', '3', '1021', '穆小波', NULL, NULL, NULL, '男', '1998-11-01', NULL, NULL, NULL, NULL, NULL, NULL, NULL, NULL, NULL, NULL, NULL, NULL, NULL, NULL, NULL, NULL, NULL, NULL, NULL, NULL);
INSERT INTO `student` VALUES ('1002', '3', '1022', '戚丽', NULL, NULL, NULL, '女', '1999-09-28', NULL, NULL, NULL, NULL, NULL, NULL, NULL, NULL, NULL, NULL, NULL, NULL, NULL, NULL, NULL, NULL, NULL, NULL, NULL, NULL);
INSERT INTO `student` VALUES ('1002', '3', '1023', '田明', NULL, NULL, NULL, '男', '1998-07-07', NULL, NULL, NULL, NULL, NULL, NULL, NULL, NULL, NULL, NULL, NULL, NULL, NULL, NULL, NULL, NULL, NULL, NULL, NULL, NULL);
INSERT INTO `student` VALUES ('1002', '3', '1024', '诸庄', NULL, NULL, NULL, '女', '1997-09-13', NULL, NULL, NULL, NULL, NULL, NULL, NULL, NULL, NULL, NULL, NULL, NULL, NULL, NULL, NULL, NULL, NULL, NULL, NULL, NULL);
INSERT INTO `student` VALUES ('1002', '3', '1025', '鲁小庄', NULL, NULL, NULL, '女', '1999-08-05', NULL, NULL, NULL, NULL, NULL, NULL, NULL, NULL, NULL, NULL, NULL, NULL, NULL, NULL, NULL, NULL, NULL, NULL, NULL, NULL);
INSERT INTO `student` VALUES ('1002', '3', '1026', '舒晓燕', NULL, NULL, NULL, '女', '1999-07-20', NULL, NULL, NULL, NULL, NULL, NULL, NULL, NULL, NULL, NULL, NULL, NULL, NULL, NULL, NULL, NULL, NULL, NULL, NULL, NULL);
INSERT INTO `student` VALUES ('1002', '3', '1027', '郭小亮', NULL, NULL, NULL, '女', '1999-09-29', NULL, NULL, NULL, NULL, NULL, NULL, NULL, NULL, NULL, NULL, NULL, NULL, NULL, NULL, NULL, NULL, NULL, NULL, NULL, NULL);
INSERT INTO `student` VALUES ('1002', '3', '1028', '戴晓阳', NULL, NULL, NULL, '女', '1999-03-04', NULL, NULL, NULL, NULL, NULL, NULL, NULL, NULL, NULL, NULL, NULL, NULL, NULL, NULL, NULL, NULL, NULL, NULL, NULL, NULL);
INSERT INTO `student` VALUES ('1002', '3', '1029', '金晓阳', NULL, NULL, NULL, '男', '1997-12-30', NULL, NULL, NULL, NULL, NULL, NULL, NULL, NULL, NULL, NULL, NULL, NULL, NULL, NULL, NULL, NULL, NULL, NULL, NULL, NULL);
INSERT INTO `student` VALUES ('1002', '3', '1030', '和山', NULL, NULL, NULL, '女', '1999-02-18', NULL, NULL, NULL, NULL, NULL, NULL, NULL, NULL, NULL, NULL, NULL, NULL, NULL, NULL, NULL, NULL, NULL, NULL, NULL, NULL);
INSERT INTO `student` VALUES ('1002', '4', '1031', '奚文丽', NULL, NULL, NULL, '男', '1998-12-10', NULL, NULL, NULL, NULL, NULL, NULL, NULL, NULL, NULL, NULL, NULL, NULL, NULL, NULL, NULL, NULL, NULL, NULL, NULL, NULL);
INSERT INTO `student` VALUES ('1002', '4', '1032', '娄红', NULL, NULL, NULL, '女', '1998-09-29', NULL, NULL, NULL, NULL, NULL, NULL, NULL, NULL, NULL, NULL, NULL, NULL, NULL, NULL, NULL, NULL, NULL, NULL, NULL, NULL);
INSERT INTO `student` VALUES ('1002', '4', '1033', '邓小亮', NULL, NULL, NULL, '男', '1997-09-09', NULL, NULL, NULL, NULL, NULL, NULL, NULL, NULL, NULL, NULL, NULL, NULL, NULL, NULL, NULL, NULL, NULL, NULL, NULL, NULL);
INSERT INTO `student` VALUES ('1002', '4', '1034', '季小波', NULL, NULL, NULL, '女', '1997-11-14', NULL, NULL, NULL, NULL, NULL, NULL, NULL, NULL, NULL, NULL, NULL, NULL, NULL, NULL, NULL, NULL, NULL, NULL, NULL, NULL);
INSERT INTO `student` VALUES ('1002', '4', '1035', '鲍文', NULL, NULL, NULL, '男', '1997-09-29', NULL, NULL, NULL, NULL, NULL, NULL, NULL, NULL, NULL, NULL, NULL, NULL, NULL, NULL, NULL, NULL, NULL, NULL, NULL, NULL);
INSERT INTO `student` VALUES ('1002', '4', '1036', '田小洋', NULL, NULL, NULL, '女', '1997-06-25', NULL, NULL, NULL, NULL, NULL, NULL, NULL, NULL, NULL, NULL, NULL, NULL, NULL, NULL, NULL, NULL, NULL, NULL, NULL, NULL);
INSERT INTO `student` VALUES ('1002', '4', '1037', '汪小波', NULL, NULL, NULL, '女', '1998-02-15', NULL, NULL, NULL, NULL, NULL, NULL, NULL, NULL, NULL, NULL, NULL, NULL, NULL, NULL, NULL, NULL, NULL, NULL, NULL, NULL);
INSERT INTO `student` VALUES ('1002', '4', '1038', '粱强', NULL, NULL, NULL, '女', '1997-10-20', NULL, NULL, NULL, NULL, NULL, NULL, NULL, NULL, NULL, NULL, NULL, NULL, NULL, NULL, NULL, NULL, NULL, NULL, NULL, NULL);
INSERT INTO `student` VALUES ('1002', '4', '1039', '袁燕', NULL, NULL, NULL, '男', '1999-05-11', NULL, NULL, NULL, NULL, NULL, NULL, NULL, NULL, NULL, NULL, NULL, NULL, NULL, NULL, NULL, NULL, NULL, NULL, NULL, NULL);
INSERT INTO `student` VALUES ('1002', '4', '1040', '邢明', NULL, NULL, NULL, '女', '1998-01-23', NULL, NULL, NULL, NULL, NULL, NULL, NULL, NULL, NULL, NULL, NULL, NULL, NULL, NULL, NULL, NULL, NULL, NULL, NULL, NULL);
INSERT INTO `student` VALUES ('1002', '5', '1041', '石强', NULL, NULL, NULL, '男', '1999-02-25', NULL, NULL, NULL, NULL, NULL, NULL, NULL, NULL, NULL, NULL, NULL, NULL, NULL, NULL, NULL, NULL, NULL, NULL, NULL, NULL);
INSERT INTO `student` VALUES ('1002', '5', '1042', '乐晓燕', NULL, NULL, NULL, '男', '1998-11-01', NULL, NULL, NULL, NULL, NULL, NULL, NULL, NULL, NULL, NULL, NULL, NULL, NULL, NULL, NULL, NULL, NULL, NULL, NULL, NULL);
INSERT INTO `student` VALUES ('1002', '5', '1043', '郭文丽', NULL, NULL, NULL, '男', '1998-11-19', NULL, NULL, NULL, NULL, NULL, NULL, NULL, NULL, NULL, NULL, NULL, NULL, NULL, NULL, NULL, NULL, NULL, NULL, NULL, NULL);
INSERT INTO `student` VALUES ('1002', '5', '1044', '张品华', NULL, NULL, NULL, '男', '1997-09-27', NULL, NULL, NULL, NULL, NULL, NULL, NULL, NULL, NULL, NULL, NULL, NULL, NULL, NULL, NULL, NULL, NULL, NULL, NULL, NULL);
INSERT INTO `student` VALUES ('1002', '5', '1045', '席晓强', NULL, NULL, NULL, '男', '1998-09-05', NULL, NULL, NULL, NULL, NULL, NULL, NULL, NULL, NULL, NULL, NULL, NULL, NULL, NULL, NULL, NULL, NULL, NULL, NULL, NULL);
INSERT INTO `student` VALUES ('1002', '5', '1046', '吉霞', NULL, NULL, NULL, '女', '1999-08-15', NULL, NULL, NULL, NULL, NULL, NULL, NULL, NULL, NULL, NULL, NULL, NULL, NULL, NULL, NULL, NULL, NULL, NULL, NULL, NULL);
INSERT INTO `student` VALUES ('1002', '5', '1047', '沈小歌', NULL, NULL, NULL, '女', '1997-10-20', NULL, NULL, NULL, NULL, NULL, NULL, NULL, NULL, NULL, NULL, NULL, NULL, NULL, NULL, NULL, NULL, NULL, NULL, NULL, NULL);
INSERT INTO `student` VALUES ('1002', '5', '1048', '齐品华', NULL, NULL, NULL, '女', '1999-05-05', NULL, NULL, NULL, NULL, NULL, NULL, NULL, NULL, NULL, NULL, NULL, NULL, NULL, NULL, NULL, NULL, NULL, NULL, NULL, NULL);
INSERT INTO `student` VALUES ('1002', '5', '1049', '郝明', NULL, NULL, NULL, '女', '1999-08-02', NULL, NULL, NULL, NULL, NULL, NULL, NULL, NULL, NULL, NULL, NULL, NULL, NULL, NULL, NULL, NULL, NULL, NULL, NULL, NULL);
INSERT INTO `student` VALUES ('1002', '5', '1050', '邓明', NULL, NULL, NULL, '女', '1998-02-21', NULL, NULL, NULL, NULL, NULL, NULL, NULL, NULL, NULL, NULL, NULL, NULL, NULL, NULL, NULL, NULL, NULL, NULL, NULL, NULL);
INSERT INTO `student` VALUES ('1003', '6', '1051', '单亮', NULL, NULL, NULL, '男', '1998-04-15', NULL, NULL, NULL, NULL, NULL, NULL, NULL, NULL, NULL, NULL, NULL, NULL, NULL, NULL, NULL, NULL, NULL, NULL, NULL, NULL);
INSERT INTO `student` VALUES ('1003', '6', '1052', '马晓波', NULL, NULL, NULL, '男', '1999-08-05', NULL, NULL, NULL, NULL, NULL, NULL, NULL, NULL, NULL, NULL, NULL, NULL, NULL, NULL, NULL, NULL, NULL, NULL, NULL, NULL);
INSERT INTO `student` VALUES ('1003', '6', '1053', '莫歌', NULL, NULL, NULL, '男', '1997-06-11', NULL, NULL, NULL, NULL, NULL, NULL, NULL, NULL, NULL, NULL, NULL, NULL, NULL, NULL, NULL, NULL, NULL, NULL, NULL, NULL);
INSERT INTO `student` VALUES ('1003', '6', '1054', '奚小丽', NULL, NULL, NULL, '女', '1999-10-29', NULL, NULL, NULL, NULL, NULL, NULL, NULL, NULL, NULL, NULL, NULL, NULL, NULL, NULL, NULL, NULL, NULL, NULL, NULL, NULL);
INSERT INTO `student` VALUES ('1003', '6', '1055', '姚明', NULL, NULL, NULL, '男', '1999-04-22', NULL, NULL, NULL, NULL, NULL, NULL, NULL, NULL, NULL, NULL, NULL, NULL, NULL, NULL, NULL, NULL, NULL, NULL, NULL, NULL);
INSERT INTO `student` VALUES ('1003', '6', '1056', '高小丽', NULL, NULL, NULL, '男', '1998-09-08', NULL, NULL, NULL, NULL, NULL, NULL, NULL, NULL, NULL, NULL, NULL, NULL, NULL, NULL, NULL, NULL, NULL, NULL, NULL, NULL);
INSERT INTO `student` VALUES ('1003', '6', '1057', '诸晓燕', NULL, NULL, NULL, '男', '1999-07-27', NULL, NULL, NULL, NULL, NULL, NULL, NULL, NULL, NULL, NULL, NULL, NULL, NULL, NULL, NULL, NULL, NULL, NULL, NULL, NULL);
INSERT INTO `student` VALUES ('1003', '6', '1058', '危进', NULL, NULL, NULL, '女', '1999-05-13', NULL, NULL, NULL, NULL, NULL, NULL, NULL, NULL, NULL, NULL, NULL, NULL, NULL, NULL, NULL, NULL, NULL, NULL, NULL, NULL);
INSERT INTO `student` VALUES ('1003', '6', '1059', '席小', NULL, NULL, NULL, '女', '1998-05-11', NULL, NULL, NULL, NULL, NULL, NULL, NULL, NULL, NULL, NULL, NULL, NULL, NULL, NULL, NULL, NULL, NULL, NULL, NULL, NULL);
INSERT INTO `student` VALUES ('1003', '6', '1060', '汪晓阳', NULL, NULL, NULL, '男', '1998-01-12', NULL, NULL, NULL, NULL, NULL, NULL, NULL, NULL, NULL, NULL, NULL, NULL, NULL, NULL, NULL, NULL, NULL, NULL, NULL, NULL);
INSERT INTO `student` VALUES ('1003', '7', '1061', '滑小文', NULL, NULL, NULL, '男', '1999-06-07', NULL, NULL, NULL, NULL, NULL, NULL, NULL, NULL, NULL, NULL, NULL, NULL, NULL, NULL, NULL, NULL, NULL, NULL, NULL, NULL);
INSERT INTO `student` VALUES ('1003', '7', '1062', '俞丽', NULL, NULL, NULL, '女', '1997-09-01', NULL, NULL, NULL, NULL, NULL, NULL, NULL, NULL, NULL, NULL, NULL, NULL, NULL, NULL, NULL, NULL, NULL, NULL, NULL, NULL);
INSERT INTO `student` VALUES ('1003', '7', '1063', '裘华', NULL, NULL, NULL, '男', '1999-02-01', NULL, NULL, NULL, NULL, NULL, NULL, NULL, NULL, NULL, NULL, NULL, NULL, NULL, NULL, NULL, NULL, NULL, NULL, NULL, NULL);
INSERT INTO `student` VALUES ('1003', '7', '1064', '苏丽', NULL, NULL, NULL, '女', '1999-05-06', NULL, NULL, NULL, NULL, NULL, NULL, NULL, NULL, NULL, NULL, NULL, NULL, NULL, NULL, NULL, NULL, NULL, NULL, NULL, NULL);
INSERT INTO `student` VALUES ('1003', '7', '1065', '窦小丽', NULL, NULL, NULL, '女', '1998-07-11', NULL, NULL, NULL, NULL, NULL, NULL, NULL, NULL, NULL, NULL, NULL, NULL, NULL, NULL, NULL, NULL, NULL, NULL, NULL, NULL);
INSERT INTO `student` VALUES ('1003', '7', '1066', '丁丽', NULL, NULL, NULL, '男', '1999-06-14', NULL, NULL, NULL, NULL, NULL, NULL, NULL, NULL, NULL, NULL, NULL, NULL, NULL, NULL, NULL, NULL, NULL, NULL, NULL, NULL);
INSERT INTO `student` VALUES ('1003', '7', '1067', '常燕', NULL, NULL, NULL, '女', '1999-12-06', NULL, NULL, NULL, NULL, NULL, NULL, NULL, NULL, NULL, NULL, NULL, NULL, NULL, NULL, NULL, NULL, NULL, NULL, NULL, NULL);
INSERT INTO `student` VALUES ('1003', '7', '1068', '徐小亮', NULL, NULL, NULL, '女', '1998-09-30', NULL, NULL, NULL, NULL, NULL, NULL, NULL, NULL, NULL, NULL, NULL, NULL, NULL, NULL, NULL, NULL, NULL, NULL, NULL, NULL);
INSERT INTO `student` VALUES ('1003', '7', '1069', '崔小丽', NULL, NULL, NULL, '女', '1998-04-11', NULL, NULL, NULL, NULL, NULL, NULL, NULL, NULL, NULL, NULL, NULL, NULL, NULL, NULL, NULL, NULL, NULL, NULL, NULL, NULL);
INSERT INTO `student` VALUES ('1003', '7', '1070', '邱晓强', NULL, NULL, NULL, '男', '1999-08-23', NULL, NULL, NULL, NULL, NULL, NULL, NULL, NULL, NULL, NULL, NULL, NULL, NULL, NULL, NULL, NULL, NULL, NULL, NULL, NULL);

-- ----------------------------
-- Table structure for teacher
-- ----------------------------
DROP TABLE IF EXISTS `teacher`;
CREATE TABLE `teacher`  (
  `COLLEGE_ID` varchar(32) CHARACTER SET utf8mb4 COLLATE utf8mb4_0900_ai_ci NULL DEFAULT NULL COMMENT '所在学院',
  `ID` varchar(32) CHARACTER SET utf8mb4 COLLATE utf8mb4_0900_ai_ci NOT NULL COMMENT '教师编号',
  `NAME` varchar(128) CHARACTER SET utf8mb4 COLLATE utf8mb4_0900_ai_ci NULL DEFAULT NULL COMMENT '姓名',
  `GENDER` varchar(32) CHARACTER SET utf8mb4 COLLATE utf8mb4_0900_ai_ci NULL DEFAULT NULL COMMENT '性别',
  `BIRTH` date NULL DEFAULT NULL COMMENT '出生日期',
  `INTRO` varchar(512) CHARACTER SET utf8mb4 COLLATE utf8mb4_0900_ai_ci NULL DEFAULT NULL COMMENT '介绍',
  `VERSION` int(11) NULL DEFAULT NULL COMMENT '版本号',
  `CREATED_BY` varchar(32) CHARACTER SET utf8mb4 COLLATE utf8mb4_0900_ai_ci NULL DEFAULT NULL COMMENT '创建人',
  `CREATED_TIME` datetime(0) NULL DEFAULT NULL COMMENT '创建时间',
  `UPDATED_BY` varchar(32) CHARACTER SET utf8mb4 COLLATE utf8mb4_0900_ai_ci NULL DEFAULT NULL COMMENT '更新人',
  `UPDATED_TIME` datetime(0) NULL DEFAULT NULL COMMENT '更新时间',
  PRIMARY KEY (`ID`) USING BTREE
) ENGINE = InnoDB CHARACTER SET = utf8mb4 COLLATE = utf8mb4_0900_ai_ci COMMENT = '教师' ROW_FORMAT = Dynamic;

-- ----------------------------
-- Records of teacher
-- ----------------------------
INSERT INTO `teacher` VALUES ('1001', '1', '陈真', '男', '1999-07-22', '打架不怂的老师', 1, NULL, NULL, NULL, NULL);
INSERT INTO `teacher` VALUES ('1001', '2', '黄飞鸿', '男', '1993-06-01', '佛山一霸', 1, NULL, NULL, NULL, NULL);
INSERT INTO `teacher` VALUES ('1002', '3', '董小姐', '女', '2003-10-12', '演过貂蝉的老师', 1, NULL, NULL, NULL, NULL);
INSERT INTO `teacher` VALUES ('1003', '4', '约里克', '男', '1979-10-12', '挖掘过坟墓的狠人', 1, NULL, NULL, NULL, NULL);

SET FOREIGN_KEY_CHECKS = 1;
